Workbook

Sheet Общий
A1: Имя ВМ | B1: ЦПУ, Шт. | C1: ОЗУ, Гб | D1: ДИСК, Гб | E1: Снимки, Гб | F1: ИТОГО ЗА ВМ В ДЕНЬ | G1: ИТОГО ЗА ВМ В ГОД | H1: ИТОГО ЗА ВСЕ В ГОД
A2: ='Список ВМ'!A2 -> ya-dir-rx-prod-monitoring | B2: ='Список ВМ'!B2 -> 8 | C2: ='Список ВМ'!C2 -> 16 | D2: ='Список ВМ'!D2 -> 80 | F2: =B2*Тариф!$B$3+C2*Тариф!$E$3+D2*Тариф!$G$3 -> 368.15039 | G2: =F2*365 -> 134374.89 | H2: =SUM(G2:G200) -> 232144.37
A3: ='Список ВМ'!A3 -> ya-sv-robots-2 | B3: ='Список ВМ'!B3 -> 4 | C3: ='Список ВМ'!C3 -> 16 | D3: ='Список ВМ'!D3 -> 100 | E3: ='Снимки'!B3 -> 27.71 | F3: =B3*'Тариф'!$B$3+C3*'Тариф'!$E$3+D3*'Тариф'!$G$3 -> 267.86158 | G3: =F3*365 -> 97769.478 | H3: =SUM(G3:G201) -> 97769.478

Sheet Список ВМ
A1: Имя ВМ | B1: ЦПУ, Шт. | C1: ОЗУ, Гб | D1: ДИСК, Гб
A2: ya-dir-rx-prod-monitoring | B2: 8 | C2: 16 | D2: 80
A3: ya-sv-robots-2 | B3: 4 | C3: 16 | D3: 100

Sheet Снимки
A1: Имя снимка | B1: Размер, Гб
A2: ya-dir-rx-prod-monitoring | B2: 8
A3: ya-sv-robots-2_ya-sv-robots-2--c | B3: 27.71

Sheet Тариф
A1: Цена от 03.10.2025 | B1: ЦПУ (обыч) 100% (Intel Ice Lake) | C1: ЦПУ (обыч) 50% (Intel Ice Lake) | D1: ЦПУ (выс произв) | E1: ОЗУ (обыч) | F1: ОЗУ (выс произв) | G1: SSD | H1: SSD IO | I1: HDD | J1: S3 Object Storage Cтандартное хранилище (Занятое место) | K1: S3 Object Storage Холодное хранилище (Занятое место) | L1: S3 Object Storage Ледяное хранилище (Занятое место) | N1: Скидка
A2: в час | B2: 1.134 | C2: 0.64 | D2: 1.9008 | E2: 0.3024 | F2: 0.3456 | G2: 0.017864993 | I2: 0.004379994 | J2: 0.003014982 | K2: 0.001604999 | L2: 0.000802499 | N2: 11.1
A3: в сутки | B3: =B2*24 -> 27.216 | C3: =C2*24 -> 15.36 | D3: =D2*24 -> 45.6192 | E3: =E2*24 -> 7.2576 | F3: =F2*24 -> 8.2944 | G3: =G2*24 -> 0.42875983 | H3: =H2*24 -> 0 | I3: =I2*24 -> 0.10511986 | ... L3: =L2*24 -> 0.019259976
